gene,mutation,reported_position,numbering_offset,human_mature_position,human_canonical_position,alignment_column,human_residue,zfish_position,zfish_residue,human_header_gene,zfish_header_gene,conserved,nearby_functional_site_found,nearby_functional_site_within_window,nearby_functional_site_human_position,nearby_functional_site_zfish_position,nearby_functional_site_alignment_column,nearby_functional_site_human_residue,nearby_functional_site_zfish_residue,nearby_functional_site_distance,nearby_functional_site_side,nearby_functional_site_note
HTR2A,W151A,151,0,151,151,151,W,2,W,HTR2A,htr2aa,yes,no,no,,,,,,,,Exact residue conserved; no nearby-site search needed.
HTR2A,D155A,155,0,155,155,155,D,6,D,HTR2A,htr2aa,yes,no,no,,,,,,,,Exact residue conserved; no nearby-site search needed.
HTR2A,L229A,229,0,229,229,229,L,80,L,HTR2A,htr2aa,yes,no,no,,,,,,,,Exact residue conserved; no nearby-site search needed.
HTR2A,S239A,239,0,239,239,239,S,90,S,HTR2A,htr2aa,yes,no,no,,,,,,,,Exact residue conserved; no nearby-site search needed.
HTR2A,V471A,471,0,471,471,485,V,323,L,HTR2A,htr2aa,no,yes,yes,470,322,484,C,C,1,upstream,Nearest conserved residue upstream of target at human 470 / zebrafish 322 (alignment column 484).
HTR2A,W151A,151,0,151,151,165,W,138,W,HTR2A,htr2ab,yes,no,no,,,,,,,,Exact residue conserved; no nearby-site search needed.
HTR2A,D155A,155,0,155,155,169,D,142,D,HTR2A,htr2ab,yes,no,no,,,,,,,,Exact residue conserved; no nearby-site search needed.
HTR2A,L229A,229,0,229,229,243,L,216,L,HTR2A,htr2ab,yes,no,no,,,,,,,,Exact residue conserved; no nearby-site search needed.
HTR2A,S239A,239,0,239,239,253,S,226,S,HTR2A,htr2ab,yes,no,no,,,,,,,,Exact residue conserved; no nearby-site search needed.
HTR2A,V471A,471,0,471,471,494,V,458,L,HTR2A,htr2ab,no,yes,yes,469,456,492,S,S,2,upstream,Nearest conserved residue upstream of target at human 469 / zebrafish 456 (alignment column 492).
